>> ANAJUSES

>> ANA MILÁN
Ana Milán / Ana Milan / Ana MiLán / ANA MILÁN / ANA MILAN | Anajú Anciana
Ana Belén García Milán | Anajú Belén García Anciana
ByAnaMilán | ByAnajúAnciana

>> ITZIAR CASTRO
Itziar Castro / ITZIAR CASTRO / itziar castro | Anajú Grande / Anajú Gigante / Anajú Ramen / Anajú Sushi
itziarcastro | anajugigante

>> JEDET
Jedet / La Jedet / JEDET / LA JEDET / Carmen Jedet | Anajú Pequeña / Anajú Txiquia / Anajú Petita

>> CONCHI NARANJA
Conchi Naranja / conchinaranja | Anajú Naranja
xtasiada_darkclub | AnajuNaranja

>> NACHA LA MACHA
Nacha la Macha / NACHA LA MACHA / José Ignacio Galán Ordoñez / la Nacha / La Nacha / Anajú CroquAnajú bombass / Nacha / Ignacio Galán | Anajú Congelados la Sirena / Anajú Croquetas / Anajú Crocker
joseignaciogalanordonez / nachalamacha / Anajú Congelados la Sirenalamacha / Anajú Crockerlamacha | AnajuCongeladosLaSirena

>> CHUMINA POWER
Chumina Power / chumina power / CHUMINA POWER / Maria Samantha Lopez | Anajú Empresaria
chumina_power | anaju_empresaria
#chuminapower | #AnajúEmpresaria
chuminapoweroficial | AnajúEmpresariaOficial

>> MIKEL ERENTXUN
Mikel Erentxun | Anajú cien gaviotas
MikelErentxun | AnajuCienGaviotas

>> NANCYS RUBIAS
Nancys Rubias / NANCYS RUBIAS | Anajú Muñecas Rubias / Anajú Peluditas / Anajú las Brujas del Pis
nancysrubias | AnajuLasBrujasDelPis

>> MARIO VAQUERIZO
Mario Vaquerizo | Bibiana la Mala
mariovaquerizooficial | BibianaLaMala
Mario (@mariovaquerizooficial) / Mario (@BibianaLaMala) | Bibiana la Mala (@BibianaLaMala)
Nancy Anoréxica | Anajú Peludita 0 Calorías

>> MIGUEL BALANZATEGUI
Miguel Balanzategui | Anajú Productora
miguel-balanzategui | Anajú Productora
Nancy Reagan | Anajú Peludita Reagan

>> JUAN PEDRO DEL MORAL
Juan Pedro del Moral / Juan Pedro / La Juampe / Juampe / La Juanpe / Juanpe / JUAN PE | Anajú Flequillo
littlejoe_es | AnajuFlequillo
Nancy Travesti | Anajú Peludita Travela

>> MARTA VAQUERIZO
Marta Vaquerizo | Anajú Triángulo
martavaquerizojewelry | AnajuTriangulo
Nancy O | Anajú Peludita O

>> ALASKA THUNDERFUCK
Alaska Thunderfuck / Justin Andrew Honard | Alaska la Buena
Alaska la Buena | Alaska la Buena
Alaska 5000 | Alaska la Buena 5000

>> ALASKA
Alaska y Mario / Alaska y Mario Vaquerizo | Alaska la Mala y Bibiana la Mala
María del Olvido Gara Jova | Alaska la Mala
Alaska / Olvido Gara | Alaska la Mala
Alaska la Mala / Alaska la Mala la Mala / Alaska la Mala la Mala la Mala / Alaska la Mala Jova | Alaska la Mala
Alaska la Buena / Alaska la Mala la buena / Alaska la Mala Thunderfuck | Alaska la Buena
Su capital es Juneau y su ciudad más poblada es Anchorage | (Easter Egg) - Esta no es la entrada de Alaska la Mala de la Wikipedia, si no la que cuelga de aquí abajo, cariños..
Está ubicado en el extremo noroeste de América del Norte, en la región Oeste del país, división | No obstante, no había forma suficientemente rápida de desarrollar una programación que pudiese discriminarlas, así que malas ambas y se acabó

>> CRISTINA PEDROCHE
Cristina Pedroche | Anajú Nochevieja
CristiPedroche / cristipedroche / CristinaPedroche | AnajuNochevieja

>> ÁNGEL MARTÍN
Ángel Martín | Anajú voces
angel_mg | AnajuVoces

>> ANA RUJAS
Ana Rujas / LaOtraBestia | Anajú novia de Sen Senra / Anajú Cardo
ana_rujas | AnajuNoviaDeSenSerna

>> AMAIA MONTERO
Amaia Montero / Amaia Montero Saldías / La novia de Chucky Saldías | La novia de Chucky
amaiamonterooficial | LaNoviaDeChucky

>> LA PROHIBIDA
La Prohibida / la Prohibida / Amapola López | Anajú Transformer / Anajú Tu Puta Madre
@laprohibida / la_prohibida | AnajuTransformer

>> SUPREME DELUXE
Supremme de Luxe / Supreme Deluxe / Supremme Deluxe / Daniel Blesa | RuPaul la Buena / Anajú Epi
supremmedeluxe | RuPaulLaBuena

>> RUPAUL
rupaulofficial | SupremmeLaMala
RuPaul Andre Charles / Supremme la Mala Andre Charles / RuPaul | Supremme la Mala
Supremme la Mala la Buena | RuPaul la Buena
Supremme la MalaLaBuena | RuPaulLaBuena

>> KIKA LORACE
Kika Lorace | Anajú Bicho
kikalorace | AnajuBicho

>> PALMA EGIDO AGULLÓ
Palma Egido Agulló / Concejal de fiestas de Algemesí / PALMA EGIDO i AGULLÓ / Regidora de Festes d'Algemesí | Anajú Ladrón de Manzanas

>> BIBIANA FERNANDEZ
Bibiana Fernández / Bibiana Manuela Fernández Chica / Bibi Ándersen | Bibiana la Buena
thedevilisawoman | BibianaLaBuena

>> SUSI CARAMELO
Susi Caramelo / Susana Cabero Jaén | La que no tiene Anajú
susicaramelo / Susi_Caramelo | LaQueNoTieneAnaju


>> KILLER QUEEN
Killer Queen / Iván Solar Gil | Anajú Sanitaria / Anajú Doctora / Anajú P.C.
iamthekillerqueen | AnajuSanitaria

>> ARIEL REC
Ariel Rec / ᎪᏒᎥᎬᏞ ᏒᎬᏟ | Anajú Aguacolor
ariel_rec / arielrec | AnajuAguacolor

>> JOSH RUIZ
Josh Ortiz | Anajú Agua Micelar Tapón Rosa
josh.ortizdezarate / Joshortizc | AnajuAguaMicelarTaponRosa

>> ABRIL ZAMORA
Abril Zamora | Anajú Barriguitas / Anajú Gyozas
abrilzamora11 / abril_zamora11 | AnajuBarriguitas

>> PEDRO MUNSTER
Pedro Munster | La botella de Cocacola
pedro.munster | LaBotellaDeCocacola

>> SAMANTHA HUDSON
Samantha Hudson | Anajú Estrella de la gran Producción / Samantha la Buena
badbixsamantha | AnajuEstrellaDeLaGranProduccion

>> CECILIO G
Cecilio G / CECILIO.G | Anajú Vestiditos / Anajú paja en el Sonar
CEEGEEOTPC | AnajuVestiditos

>> NACHO CANUT
Nacho Canut | Anajú Gusiluz
Ignacio Juan Canut Guillén | Anajú Juan Gusiluz Guillén
nachocanutoficial / nachocanut | AnajuGusiluz

>> FERRÁN POCA
Ferran Poca | Anajú Banquera
ferranpoca | AnajuBanquera

>> KIKE SARASOLA
Kike Sarasola / Enrique Sarasola Marulanda | Anajú Hotelera / Anajú Hotelera Calva Medallista / Anajú Subrogada / Anajú Sara Lonely
SarasolaKike | AnajuHoteleraCalvaMedallista

>> LOS JAVIS
Los Javis | Los Jordis

>> JAVIER CALVO
Francisco Javier Calvo Guirao / Javier Calvo | Jordi Viejo
javviercalvo | JordiViejo

>> JAVIER AMBROSSI
Javier Ambrossi / Francisco Javier García de la Camacha Gutiérrez-Ambrossi | Jordi Milenario
soyambrossi | JordiMilenario

>> AARTURO VALLS
Arturo Valls | Anajú Caídas
arturovallsofficial / ArturoValls | AnajuCaidas

>> LA OGRA QUE TODO LO LOGRA
La Ogra que todo lo logra / La ogra / La Ogra | Anajú Shreck
laograquetodolologra / LaOgraQTLL | AnajuShreck

>> PACO TOMÁS
Paco Tomás / Sʀ ᴘᴀᴄᴏ ᴛᴏᴍᴀs | Anajú Briefs
srpacotomas | AnajuBriefs

>> GAD YOLA
Gad Yola | Anajú Masturbación 
gadyoladrag / gadyola | AnajuMasturbacion 

>> MARINA (DRAG QUEEN)
marinaforev3r | AnajuRobada
Marina | Anajú Robada

>> EDUARDO CASANOVA
Eduardo Valdehita Casanova / Eduardo Casanova | Anajú Cacanova
eduardocasanova | AnajuCacanova

>> EDUARDO NAVARRETE
Eduardo Navarrete | Anajú Costra / Anajú Nenuco
eduardonavarreteoficial | AnajuNenuco

>> PELAYO DÍAZ
Pelayo Díaz Zapico / Pelayo Díaz / Pelayo Diaz / Pelayo | Anajú Bibliotecaria
pelayodiaz / princepelayo | AnajuBibliotecaria

>> RUTH LORENZO
Ruth Lorenzo Pascual / Ruth Lorenzo | Anajú Mormona Testigo
ruthlorenzomusic | Anajú Mormona Testigo

>> KELLY ROLLER
Kelly Roller | Anajú Patines
kellyroller_ | AnajuPatines

>> RAQUEL SÁNCHEZ SILVA
Raquel Sánchez Silva / Raquel Sanchez Silva | Anajú Sánchez Silva / Anajú Computer
raquelsanchezsilva / raqsanchezsilva | AnajuComputer

>> MATEO FRANJO
Mateo Franjo | Anajú Rita / Anajú Portuguesa
mateofranjo | AnajuPortuguesa

>> SINDI TAKANASHI
Sindy Takanashi | Anajú TERF / Anajú Funkoterf / Anajú Uñas / Anajú Yatekomo
sindytakanashi | AnajuFunkoterf

>> VICTORIA MARTÍN
Victoria Martín | Anajú Opus Dei
livingpostureo | AnajuOpusDei

Carolina Iglesias / Percebes y Grelos | Anajú Txapapote
Percebesygrelos | AnajuTxapapote

>> POPI BLASCO
Popy Blasco | Anajú Esfinge / La Esfinge
popyblasco / PopyB | AnajuEsfinge

>> ISA CALDERÓN
Isa Calderón | Anajú Sobrina de la Constitución
isacalderonpb | AnajuSobrinaDeLaConstitucion

>> LARA SAJEN
Lara Sajén Fleitas / Lara Sajén / Lara Sajen | Anajú Prints
LaraSajen | AnajuPrints

>> ROBERTA MARRERO
Roberta Marrero | Anajú Burro de Shrek
Roberta Lucía Marrero Gutiérrez  | Anajú Lucía Burro de Shrek Gutiérrez
roberta__marrero | AnajuBurroDeShrek

>> NATHY PELUSO
Nathy Peluso / Natalia Peluso / Naty Peluso / Nati Peluso | La Fofucha Mayor / La Fofucha Máxima / Anajú lentillas / Anajú Fofucha
nathypeluso | AnajuFofuchaMaxima

>> DIOSSA
diossa_oficial / DidiEscobart | AnajuSoberanaDelUniverso
Didí Escobart Diossa / Diossa | Anajú Divinidad / Anajú soberana del universo

>> GLORIA SERRA
Gloria Serra / Glòria Serra | La gorda del croma
gloriaserraperiodista | LaGordaDelCroma

>> SAMANTA VALLEJO NÁJERA
Samantha Vallejo Nágera / Samantha Vallejo-Nágera / Samantha Vallejo-Nagera | Samantha la Mala
samyspain | SamanthaLaMala

>> YOGURINA BOROVA
Yogurinha Borova | Anajú Plagiada / Anajú Ratatouille
yogurinha_borova | AnajuPlagiada

>> SARA SATI
Sara Sati | Anajú Ukelele
omsarasati | AnajuUkelele

>> MÀXIM HUERTA
Màxim Huerta / Máximo Huerta / Máxim Huerta / Maxim Huerta / Maximo Huerta | Anajú Literaria
maximohuerta | AnajuLiteraria

>> HORNELLA GÓNGORA
Hornella Góngora / Hornella Maria Góngora Ciccone | Anajú Góngora
missgongora | AnajuGongora

>> CARMEN FARALA
Carmen Farala | Pepino Marino con Peluca

>> BEATRIZ LOBO
Beatriz Lobo / ℬℯatriz ℒℴbℴ | Anajú RAM
beatrozlobo | AnajuRAM

>> SANTINA BIONDO
santinabiondo | AnajuEskerrikAsko
Santina madre de Mario Biondo / Santina Biondo / Santina | Anajú Eskerrik Asko

>> SEBASTIÁN GALLEGO
Sebastián Gallego / Sebastian Gallego / Sebas Gallego | Anajú Mascotas
sebastiangab | AnajuMascotas


>> ALBERTO DE LAS HERAS
Alberto De Las Heras | Anajú Triciclo / Anajú Vilipendiada
albertodelasheras | AnajuTriciclo
Anajú Triciclo Rodelgo / Anajú Vilipendiada Rodelgo | Alberto De Las Heras Rodelgo

>> MIGUEL AGNES
Miguel Agnes | Anajú Agamia / Anajú Nada Humano me es Ajeno
miguelagnes | AnajuAgamia

>> GLENDA GALORE
Glenda Galore | Anajú Mujer Heterosexual Normal de toda la vida y todo y todo / Anajú Señora con una Edad
glendagalore | AnajuUnaSeñoraConUnaEdad

>> ESTI QUESADA
Estíbaliz Quesada / Esti Quesada / Esty Quesada / Soy una pringada / Estíbaliz «Esty» Quesada | Anajú Belcebú
SoyUnaPringada / soyunapringada | AnajuBelcebu

>> JUAN FLAHN
Juan Flahn / La Juana Flahna / Juana Flahna | Anajú Otxarkoaga
@flahn | AnajuOtxarkoaga

>> TONYA HARDING
Tonya Harding | Anajú Tonya

>> SNORQUEL
Esnórquel / Enrique Aparicio / Esnorquel | Anajú Scubaduba
esnorquel | AnajuScubaduba

>> PERRA DE SATÁN
Perra de Satán / Perra de Satan | Can de Satán
perradesatan | CanDeSatán

>> VERDELISS
Verdeliss / Estefi Unzu | Anajú Vendekids
@Anajú Vendekids | @AnajuVendekids

>> JUAN SOTO IVARS
Juan Soto Ivars | Anajú Melenitas
juansotoivars | AnajuMelenitas

>> HENAR ÁLVAREZ
Henar Alvarez / Henar Álvarez | Anajú Twerk
henarconh_ | AnajuTwerk

>> INÉS HERNÁN
Inés Hernand | Anajú Pluriempleada
ineshernand | AnajuPluriempleada

>> JORDI GONZÁLEZ
Jordi González | Anajú Salsa Rosa
jordiGlez | AnajuSalsaRosa

>> MERCEDES MILÁ
Mercedes Milá | Anajú Antitabaco / Anajú me meo en la ducha
mercedesmila | AnajuMeMeoEnLaDucha

>> ESTIRANDO EL CHICLE
Estirando el Chicle | Estirando el Anajú
EstirandoChicle / estirandoelchicle | EstirandoElAnaju

>> RICHI BASTANTE / NOVA
Richi Bastante / Nova / Nova Bastante / Izan Bastante | Anajú Bastante
Richi Bastante | Anajú Bastante

>> TAMARA FALCÓ
Tamara Falcó / Tamara Falco | Anajú Absurda
tamara_falco / Tamara_Falco_ | AnajuAbsurda

>> TAMARA / AMBAR / YURENA
Yurena Ordoñez / Yurena Ordóñez | Yvrena Ordoñez
Tamara Yurena Ambar / Tamara Ambar Yurena / Tamara-Ámbar-Yurena / Tamara Yurena / Yurena | Tamar@ la buena
María del Mar Cuena Seisdedos | Tamar@ del Mar la Buena Seisdedos
Cómo se llama ahora Tamara | Qué nombre tuvo que ponerse Tamar@ la Buena por culpa de T@mara la Mala, también comocida como Anajú Celos o Anajú Querella
Tamara nació el 11 de diciembre de 1969 en Santurce, Vizcaya, España | Tamar@ la buena nació el 11 de diciembre de 1969 en Santurce, Vizcaya, España
El efecto Tamara | El efecto Tamar@ la buena
@Tamar@ la buena.official / Tamar@ la buena.official / Tamar@ la buenaofficial | Tamar@LaBuena

>> TAMARA BOLEROS
Tamara Macarena Valcárcel Serrano | Tamara Macarena la Mala Serrano
Macarena Valcárcel Serrano | Macarena la Mala Serrano
la cantante Tamara / Tamara la de los boleros / Tamara Cantante / Tamara la cantante | T@mara la mala / Anajú Celos / Anajú Querella
tamaraoficial | TamaraLaMala
Tamara | T@mara la mala

>> JAVIER GINER
Javier Giner / Javi Giner | Anajú Giner / Anajú Adicta / Anajú Sujetabolsos
j_giner / javiginer | AnajúSujetabolsos

>> KIM
Kim Kardashian / Kim Kardasian / Kim Kardashan | Kim... (Horas más tarde) Kardashian
kimkardashian | KimHorasMasTardeKardashian

>> ISABEL DÍAZ AYUSO
isabeldiazayuso / IdiazAyuso | Anajú*******De8000Ancianos
Isabel Natividad Díaz Ayuso | Anajú Natividad Díaz ******* de 8000 ancianos
Isabel Díaz Ayuso / Ayuso | Anajú ******* de 8000 ancianos

>> ESPERANZA AGUIRRE
Esperanza Aguirre | Anajú superviviente / Anajú Helicóptero / Anajú 7 vidas